<?xml version="1.0"?>
<Interface Version="1" Minor="1">
	<Ifc Id="ROOT" Top="1">
		<Bus Id="sseg">
			<Port Id="7" Dir="OUT"/>
			<Port Id="6" Dir="OUT"/>
			<Port Id="5" Dir="OUT"/>
			<Port Id="4" Dir="OUT"/>
			<Port Id="3" Dir="OUT"/>
			<Port Id="2" Dir="OUT"/>
			<Port Id="1" Dir="OUT"/>
			<Port Id="0" Dir="OUT"/>
		</Bus>
		<Bus Id="anO">
			<Port Id="3" Dir="OUT"/>
			<Port Id="2" Dir="OUT"/>
			<Port Id="1" Dir="OUT"/>
			<Port Id="0" Dir="OUT"/>
		</Bus>
		<Bus Id="Din">
			<Port Id="7" Dir="IN"/>
			<Port Id="6" Dir="IN"/>
			<Port Id="5" Dir="IN"/>
			<Port Id="4" Dir="IN"/>
			<Port Id="3" Dir="IN"/>
			<Port Id="2" Dir="IN"/>
			<Port Id="1" Dir="IN"/>
			<Port Id="0" Dir="IN"/>
		</Bus>
		<Port Id="En" Dir="IN"/>
		<Port Id="SYS_CLK" Dir="IN"/>
	</Ifc>
</Interface>

